account_id,hospital_id,hospital_name,metric_date,blog_views,blog_unique_visitors,metadata
b_amc,c485b488-0968-4983-a1e5-7b46568833c4,,2024-02-03,0,0,{}
b_amc,c485b488-0968-4983-a1e5-7b46568833c4,,2024-02-04,1,1,{}
b_amc,c485b488-0968-4983-a1e5-7b46568833c4,,2024-02-05,2,1,{}
b_amc,c485b488-0968-4983-a1e5-7b46568833c4,,2024-02-06,0,0,{}
b_amc,c485b488-0968-4983-a1e5-7b46568833c4,,2024-02-07,2,2,{}
b_amc,c485b488-0968-4983-a1e5-7b46568833c4,,2024-02-08,2,2,{}
b_amc,c485b488-0968-4983-a1e5-7b46568833c4,,2024-02-09,0,0,{}
b_amc,c485b488-0968-4983-a1e5-7b46568833c4,,2024-02-10,0,0,{}
b_amc,c485b488-0968-4983-a1e5-7b46568833c4,,2024-02-11,0,0,{}
b_amc,c485b488-0968-4983-a1e5-7b46568833c4,,2024-02-12,0,0,{}
b_amc,c485b488-0968-4983-a1e5-7b46568833c4,,2024-02-13,0,0,{}
b_amc,c485b488-0968-4983-a1e5-7b46568833c4,,2024-02-14,0,0,{}
b_amc,c485b488-0968-4983-a1e5-7b46568833c4,,2024-02-15,0,0,{}
b_amc,c485b488-0968-4983-a1e5-7b46568833c4,,2024-02-16,0,0,{}
b_amc,c485b488-0968-4983-a1e5-7b46568833c4,,2024-02-17,0,0,{}
b_amc,c485b488-0968-4983-a1e5-7b46568833c4,,2024-02-18,0,0,{}
b_amc,c485b488-0968-4983-a1e5-7b46568833c4,,2024-02-19,0,0,{}
b_amc,c485b488-0968-4983-a1e5-7b46568833c4,,2024-02-20,0,0,{}
b_amc,c485b488-0968-4983-a1e5-7b46568833c4,,2024-02-21,0,0,{}
b_amc,c485b488-0968-4983-a1e5-7b46568833c4,,2024-02-22,0,0,{}
b_amc,c485b488-0968-4983-a1e5-7b46568833c4,,2024-02-23,0,0,{}
b_amc,c485b488-0968-4983-a1e5-7b46568833c4,,2024-02-24,0,0,{}
b_amc,c485b488-0968-4983-a1e5-7b46568833c4,,2024-02-25,0,0,{}
b_amc,c485b488-0968-4983-a1e5-7b46568833c4,,2024-02-26,1,1,{}
b_amc,c485b488-0968-4983-a1e5-7b46568833c4,,2024-02-27,0,0,{}
b_amc,c485b488-0968-4983-a1e5-7b46568833c4,,2024-02-28,0,0,{}
b_amc,c485b488-0968-4983-a1e5-7b46568833c4,,2024-02-29,0,0,{}
b_amc,c485b488-0968-4983-a1e5-7b46568833c4,,2024-03-01,0,0,{}
b_amc,c485b488-0968-4983-a1e5-7b46568833c4,,2024-03-02,0,0,{}
b_amc,c485b488-0968-4983-a1e5-7b46568833c4,,2024-03-03,0,0,{}
b_amc,c485b488-0968-4983-a1e5-7b46568833c4,,2024-03-04,0,0,{}
b_amc,c485b488-0968-4983-a1e5-7b46568833c4,,2024-03-05,0,0,{}
b_amc,c485b488-0968-4983-a1e5-7b46568833c4,,2024-03-06,1,1,{}
b_amc,c485b488-0968-4983-a1e5-7b46568833c4,,2024-03-07,0,0,{}
b_amc,c485b488-0968-4983-a1e5-7b46568833c4,,2024-03-08,1,1,{}
b_amc,c485b488-0968-4983-a1e5-7b46568833c4,,2024-03-09,0,0,{}
b_amc,c485b488-0968-4983-a1e5-7b46568833c4,,2024-03-10,0,0,{}
b_amc,c485b488-0968-4983-a1e5-7b46568833c4,,2024-03-11,0,0,{}
b_amc,c485b488-0968-4983-a1e5-7b46568833c4,,2024-03-12,0,0,{}
b_amc,c485b488-0968-4983-a1e5-7b46568833c4,,2024-03-13,0,0,{}
b_amc,c485b488-0968-4983-a1e5-7b46568833c4,,2024-03-14,0,0,{}
b_amc,c485b488-0968-4983-a1e5-7b46568833c4,,2024-03-15,0,0,{}
b_amc,c485b488-0968-4983-a1e5-7b46568833c4,,2024-03-16,2,1,{}
b_amc,c485b488-0968-4983-a1e5-7b46568833c4,,2024-03-17,0,0,{}
b_amc,c485b488-0968-4983-a1e5-7b46568833c4,,2024-03-18,17,12,{}
b_amc,c485b488-0968-4983-a1e5-7b46568833c4,,2024-03-19,44,17,{}
b_amc,c485b488-0968-4983-a1e5-7b46568833c4,,2024-03-20,68,27,{}
b_amc,c485b488-0968-4983-a1e5-7b46568833c4,,2024-03-21,86,24,{}
b_amc,c485b488-0968-4983-a1e5-7b46568833c4,,2024-03-22,168,48,{}
b_amc,c485b488-0968-4983-a1e5-7b46568833c4,,2024-03-23,109,31,{}
b_amc,c485b488-0968-4983-a1e5-7b46568833c4,,2024-03-24,67,30,{}
b_amc,c485b488-0968-4983-a1e5-7b46568833c4,,2024-03-25,54,26,{}
b_amc,c485b488-0968-4983-a1e5-7b46568833c4,,2024-03-26,91,31,{}
b_amc,c485b488-0968-4983-a1e5-7b46568833c4,,2024-03-27,51,18,{}
b_amc,c485b488-0968-4983-a1e5-7b46568833c4,,2024-03-28,54,20,{}
b_amc,c485b488-0968-4983-a1e5-7b46568833c4,,2024-03-29,52,22,{}
b_amc,c485b488-0968-4983-a1e5-7b46568833c4,,2024-03-30,13,7,{}
b_amc,c485b488-0968-4983-a1e5-7b46568833c4,,2024-03-31,48,14,{}
b_amc,c485b488-0968-4983-a1e5-7b46568833c4,,2024-04-01,54,23,{}
b_amc,c485b488-0968-4983-a1e5-7b46568833c4,,2024-04-02,53,21,{}
b_amc,c485b488-0968-4983-a1e5-7b46568833c4,,2024-04-03,50,18,{}
b_amc,c485b488-0968-4983-a1e5-7b46568833c4,,2024-04-04,28,12,{}
b_amc,c485b488-0968-4983-a1e5-7b46568833c4,,2024-04-05,35,17,{}
b_amc,c485b488-0968-4983-a1e5-7b46568833c4,,2024-04-06,23,9,{}
b_amc,c485b488-0968-4983-a1e5-7b46568833c4,,2024-04-07,53,25,{}
b_amc,c485b488-0968-4983-a1e5-7b46568833c4,,2024-04-08,73,27,{}
b_amc,c485b488-0968-4983-a1e5-7b46568833c4,,2024-04-09,97,30,{}
b_amc,c485b488-0968-4983-a1e5-7b46568833c4,,2024-04-10,22,13,{}
b_amc,c485b488-0968-4983-a1e5-7b46568833c4,,2024-04-11,39,14,{}
b_amc,c485b488-0968-4983-a1e5-7b46568833c4,,2024-04-12,37,12,{}
b_amc,c485b488-0968-4983-a1e5-7b46568833c4,,2024-04-13,25,9,{}
b_amc,c485b488-0968-4983-a1e5-7b46568833c4,,2024-04-14,32,10,{}
b_amc,c485b488-0968-4983-a1e5-7b46568833c4,,2024-04-15,39,19,{}
b_amc,c485b488-0968-4983-a1e5-7b46568833c4,,2024-04-16,26,12,{}
b_amc,c485b488-0968-4983-a1e5-7b46568833c4,,2024-04-17,30,14,{}
b_amc,c485b488-0968-4983-a1e5-7b46568833c4,,2024-04-18,34,15,{}
b_amc,c485b488-0968-4983-a1e5-7b46568833c4,,2024-04-19,27,11,{}
b_amc,c485b488-0968-4983-a1e5-7b46568833c4,,2024-04-20,38,13,{}
b_amc,c485b488-0968-4983-a1e5-7b46568833c4,,2024-04-21,12,10,{}
b_amc,c485b488-0968-4983-a1e5-7b46568833c4,,2024-04-22,33,17,{}
b_amc,c485b488-0968-4983-a1e5-7b46568833c4,,2024-04-23,25,13,{}
b_amc,c485b488-0968-4983-a1e5-7b46568833c4,,2024-04-24,17,10,{}
b_amc,c485b488-0968-4983-a1e5-7b46568833c4,,2024-04-25,48,25,{}
b_amc,c485b488-0968-4983-a1e5-7b46568833c4,,2024-04-26,17,13,{}
b_amc,c485b488-0968-4983-a1e5-7b46568833c4,,2024-04-27,27,14,{}
b_amc,c485b488-0968-4983-a1e5-7b46568833c4,,2024-04-28,27,10,{}
b_amc,c485b488-0968-4983-a1e5-7b46568833c4,,2024-04-29,34,17,{}
b_amc,c485b488-0968-4983-a1e5-7b46568833c4,,2024-04-30,34,17,{}
b_amc,c485b488-0968-4983-a1e5-7b46568833c4,,2024-05-01,60,22,{}
b_amc,c485b488-0968-4983-a1e5-7b46568833c4,,2024-05-02,46,18,{}
b_amc,c485b488-0968-4983-a1e5-7b46568833c4,,2024-05-03,54,23,{}
b_amc,c485b488-0968-4983-a1e5-7b46568833c4,,2024-05-04,61,16,{}
b_amc,c485b488-0968-4983-a1e5-7b46568833c4,,2024-05-05,29,15,{}
b_amc,c485b488-0968-4983-a1e5-7b46568833c4,,2024-05-06,65,27,{}
b_amc,c485b488-0968-4983-a1e5-7b46568833c4,,2024-05-07,52,24,{}
b_amc,c485b488-0968-4983-a1e5-7b46568833c4,,2024-05-08,37,20,{}
b_amc,c485b488-0968-4983-a1e5-7b46568833c4,,2024-05-09,61,30,{}
b_amc,c485b488-0968-4983-a1e5-7b46568833c4,,2024-05-10,47,21,{}
b_amc,c485b488-0968-4983-a1e5-7b46568833c4,,2024-05-11,21,12,{}
b_amc,c485b488-0968-4983-a1e5-7b46568833c4,,2024-05-12,43,17,{}
b_amc,c485b488-0968-4983-a1e5-7b46568833c4,,2024-05-13,32,19,{}
b_amc,c485b488-0968-4983-a1e5-7b46568833c4,,2024-05-14,42,16,{}
b_amc,c485b488-0968-4983-a1e5-7b46568833c4,,2024-05-15,15,11,{}
b_amc,c485b488-0968-4983-a1e5-7b46568833c4,,2024-05-16,42,14,{}
b_amc,c485b488-0968-4983-a1e5-7b46568833c4,,2024-05-17,20,13,{}
b_amc,c485b488-0968-4983-a1e5-7b46568833c4,,2024-05-18,30,13,{}
b_amc,c485b488-0968-4983-a1e5-7b46568833c4,,2024-05-19,38,15,{}
b_amc,c485b488-0968-4983-a1e5-7b46568833c4,,2024-05-20,37,18,{}
b_amc,c485b488-0968-4983-a1e5-7b46568833c4,,2024-05-21,37,15,{}
b_amc,c485b488-0968-4983-a1e5-7b46568833c4,,2024-05-22,23,7,{}
b_amc,c485b488-0968-4983-a1e5-7b46568833c4,,2024-05-23,33,16,{}
b_amc,c485b488-0968-4983-a1e5-7b46568833c4,,2024-05-24,39,16,{}
b_amc,c485b488-0968-4983-a1e5-7b46568833c4,,2024-05-25,35,15,{}
b_amc,c485b488-0968-4983-a1e5-7b46568833c4,,2024-05-26,65,20,{}
b_amc,c485b488-0968-4983-a1e5-7b46568833c4,,2024-05-27,36,15,{}
b_amc,c485b488-0968-4983-a1e5-7b46568833c4,,2024-05-28,79,19,{}
b_amc,c485b488-0968-4983-a1e5-7b46568833c4,,2024-05-29,67,24,{}
b_amc,c485b488-0968-4983-a1e5-7b46568833c4,,2024-05-30,65,23,{}
b_amc,c485b488-0968-4983-a1e5-7b46568833c4,,2024-05-31,21,13,{}
b_amc,c485b488-0968-4983-a1e5-7b46568833c4,,2024-06-01,44,22,{}
b_amc,c485b488-0968-4983-a1e5-7b46568833c4,,2024-06-02,67,32,{}
b_amc,c485b488-0968-4983-a1e5-7b46568833c4,,2024-06-03,78,42,{}
b_amc,c485b488-0968-4983-a1e5-7b46568833c4,,2024-06-04,91,36,{}
b_amc,c485b488-0968-4983-a1e5-7b46568833c4,,2024-06-05,15,6,{}
b_amc,c485b488-0968-4983-a1e5-7b46568833c4,,2024-06-06,45,28,{}
b_amc,c485b488-0968-4983-a1e5-7b46568833c4,,2024-06-07,63,25,{}
b_amc,c485b488-0968-4983-a1e5-7b46568833c4,,2024-06-08,29,18,{}
b_amc,c485b488-0968-4983-a1e5-7b46568833c4,,2024-06-09,34,17,{}
b_amc,c485b488-0968-4983-a1e5-7b46568833c4,,2024-06-10,28,13,{}
b_amc,c485b488-0968-4983-a1e5-7b46568833c4,,2024-06-11,42,24,{}
b_amc,c485b488-0968-4983-a1e5-7b46568833c4,,2024-06-12,46,15,{}
b_amc,c485b488-0968-4983-a1e5-7b46568833c4,,2024-06-13,40,15,{}
b_amc,c485b488-0968-4983-a1e5-7b46568833c4,,2024-06-14,28,15,{}
b_amc,c485b488-0968-4983-a1e5-7b46568833c4,,2024-06-15,18,12,{}
b_amc,c485b488-0968-4983-a1e5-7b46568833c4,,2024-06-16,24,10,{}
b_amc,c485b488-0968-4983-a1e5-7b46568833c4,,2024-06-17,32,15,{}
b_amc,c485b488-0968-4983-a1e5-7b46568833c4,,2024-06-18,30,18,{}
b_amc,c485b488-0968-4983-a1e5-7b46568833c4,,2024-06-19,28,14,{}
b_amc,c485b488-0968-4983-a1e5-7b46568833c4,,2024-06-20,67,19,{}
b_amc,c485b488-0968-4983-a1e5-7b46568833c4,,2024-06-21,36,18,{}
b_amc,c485b488-0968-4983-a1e5-7b46568833c4,,2024-06-22,20,13,{}
b_amc,c485b488-0968-4983-a1e5-7b46568833c4,,2024-06-23,40,18,{}
b_amc,c485b488-0968-4983-a1e5-7b46568833c4,,2024-06-24,49,26,{}
b_amc,c485b488-0968-4983-a1e5-7b46568833c4,,2024-06-25,36,18,{}
b_amc,c485b488-0968-4983-a1e5-7b46568833c4,,2024-06-26,29,13,{}
b_amc,c485b488-0968-4983-a1e5-7b46568833c4,,2024-06-27,66,30,{}
b_amc,c485b488-0968-4983-a1e5-7b46568833c4,,2024-06-28,33,15,{}
b_amc,c485b488-0968-4983-a1e5-7b46568833c4,,2024-06-29,47,22,{}
b_amc,c485b488-0968-4983-a1e5-7b46568833c4,,2024-06-30,31,21,{}
b_amc,c485b488-0968-4983-a1e5-7b46568833c4,,2024-07-01,52,22,{}
b_amc,c485b488-0968-4983-a1e5-7b46568833c4,,2024-07-02,17,14,{}
b_amc,c485b488-0968-4983-a1e5-7b46568833c4,,2024-07-03,33,19,{}
b_amc,c485b488-0968-4983-a1e5-7b46568833c4,,2024-07-04,33,28,{}
b_amc,c485b488-0968-4983-a1e5-7b46568833c4,,2024-07-05,58,25,{}
b_amc,c485b488-0968-4983-a1e5-7b46568833c4,,2024-07-06,45,30,{}
b_amc,c485b488-0968-4983-a1e5-7b46568833c4,,2024-07-07,27,19,{}
b_amc,c485b488-0968-4983-a1e5-7b46568833c4,,2024-07-08,48,24,{}
b_amc,c485b488-0968-4983-a1e5-7b46568833c4,,2024-07-09,64,32,{}
b_amc,c485b488-0968-4983-a1e5-7b46568833c4,,2024-07-10,29,20,{}
b_amc,c485b488-0968-4983-a1e5-7b46568833c4,,2024-07-11,43,21,{}
b_amc,c485b488-0968-4983-a1e5-7b46568833c4,,2024-07-12,33,28,{}
b_amc,c485b488-0968-4983-a1e5-7b46568833c4,,2024-07-13,21,13,{}
b_amc,c485b488-0968-4983-a1e5-7b46568833c4,,2024-07-14,25,13,{}
b_amc,c485b488-0968-4983-a1e5-7b46568833c4,,2024-07-15,57,25,{}
b_amc,c485b488-0968-4983-a1e5-7b46568833c4,,2024-07-16,48,18,{}
b_amc,c485b488-0968-4983-a1e5-7b46568833c4,,2024-07-17,65,23,{}
b_amc,c485b488-0968-4983-a1e5-7b46568833c4,,2024-07-18,37,16,{}
b_amc,c485b488-0968-4983-a1e5-7b46568833c4,,2024-07-19,39,21,{}
b_amc,c485b488-0968-4983-a1e5-7b46568833c4,,2024-07-20,18,10,{}
b_amc,c485b488-0968-4983-a1e5-7b46568833c4,,2024-07-21,24,13,{}
b_amc,c485b488-0968-4983-a1e5-7b46568833c4,,2024-07-22,25,20,{}
b_amc,c485b488-0968-4983-a1e5-7b46568833c4,,2024-07-23,24,12,{}
b_amc,c485b488-0968-4983-a1e5-7b46568833c4,,2024-07-24,28,11,{}
b_amc,c485b488-0968-4983-a1e5-7b46568833c4,,2024-07-25,48,16,{}
b_amc,c485b488-0968-4983-a1e5-7b46568833c4,,2024-07-26,45,17,{}
b_amc,c485b488-0968-4983-a1e5-7b46568833c4,,2024-07-27,22,15,{}
b_amc,c485b488-0968-4983-a1e5-7b46568833c4,,2024-07-28,37,16,{}
b_amc,c485b488-0968-4983-a1e5-7b46568833c4,,2024-07-29,29,17,{}
b_amc,c485b488-0968-4983-a1e5-7b46568833c4,,2024-07-30,35,22,{}
b_amc,c485b488-0968-4983-a1e5-7b46568833c4,,2024-07-31,31,17,{}
b_amc,c485b488-0968-4983-a1e5-7b46568833c4,,2024-08-01,37,20,{}
b_amc,c485b488-0968-4983-a1e5-7b46568833c4,,2024-08-02,32,17,{}
b_amc,c485b488-0968-4983-a1e5-7b46568833c4,,2024-08-03,26,18,{}
b_amc,c485b488-0968-4983-a1e5-7b46568833c4,,2024-08-04,34,16,{}
b_amc,c485b488-0968-4983-a1e5-7b46568833c4,,2024-08-05,26,14,{}
b_amc,c485b488-0968-4983-a1e5-7b46568833c4,,2024-08-06,25,15,{}
b_amc,c485b488-0968-4983-a1e5-7b46568833c4,,2024-08-07,33,13,{}
b_amc,c485b488-0968-4983-a1e5-7b46568833c4,,2024-08-08,39,21,{}
b_amc,c485b488-0968-4983-a1e5-7b46568833c4,,2024-08-09,23,12,{}
b_amc,c485b488-0968-4983-a1e5-7b46568833c4,,2024-08-10,26,13,{}
b_amc,c485b488-0968-4983-a1e5-7b46568833c4,,2024-08-11,33,19,{}
b_amc,c485b488-0968-4983-a1e5-7b46568833c4,,2024-08-12,27,18,{}
b_amc,c485b488-0968-4983-a1e5-7b46568833c4,,2024-08-13,30,18,{}
b_amc,c485b488-0968-4983-a1e5-7b46568833c4,,2024-08-14,57,26,{}
b_amc,c485b488-0968-4983-a1e5-7b46568833c4,,2024-08-15,57,27,{}
b_amc,c485b488-0968-4983-a1e5-7b46568833c4,,2024-08-16,46,23,{}
b_amc,c485b488-0968-4983-a1e5-7b46568833c4,,2024-08-17,40,18,{}
b_amc,c485b488-0968-4983-a1e5-7b46568833c4,,2024-08-18,32,16,{}
b_amc,c485b488-0968-4983-a1e5-7b46568833c4,,2024-08-19,70,28,{}
b_amc,c485b488-0968-4983-a1e5-7b46568833c4,,2024-08-20,74,33,{}
b_amc,c485b488-0968-4983-a1e5-7b46568833c4,,2024-08-21,36,20,{}
b_amc,c485b488-0968-4983-a1e5-7b46568833c4,,2024-08-22,57,26,{}
b_amc,c485b488-0968-4983-a1e5-7b46568833c4,,2024-08-23,57,26,{}
b_amc,c485b488-0968-4983-a1e5-7b46568833c4,,2024-08-24,28,17,{}
b_amc,c485b488-0968-4983-a1e5-7b46568833c4,,2024-08-25,48,17,{}
b_amc,c485b488-0968-4983-a1e5-7b46568833c4,,2024-08-26,27,18,{}
b_amc,c485b488-0968-4983-a1e5-7b46568833c4,,2024-08-27,37,19,{}
b_amc,c485b488-0968-4983-a1e5-7b46568833c4,,2024-08-28,24,19,{}
b_amc,c485b488-0968-4983-a1e5-7b46568833c4,,2024-08-29,26,13,{}
b_amc,c485b488-0968-4983-a1e5-7b46568833c4,,2024-08-30,39,21,{}
b_amc,c485b488-0968-4983-a1e5-7b46568833c4,,2024-08-31,36,15,{}
b_amc,c485b488-0968-4983-a1e5-7b46568833c4,,2024-09-01,27,19,{}
b_amc,c485b488-0968-4983-a1e5-7b46568833c4,,2024-09-02,27,18,{}
b_amc,c485b488-0968-4983-a1e5-7b46568833c4,,2024-09-03,19,11,{}
b_amc,c485b488-0968-4983-a1e5-7b46568833c4,,2024-09-04,31,21,{}
b_amc,c485b488-0968-4983-a1e5-7b46568833c4,,2024-09-05,29,19,{}
b_amc,c485b488-0968-4983-a1e5-7b46568833c4,,2024-09-06,41,25,{}
b_amc,c485b488-0968-4983-a1e5-7b46568833c4,,2024-09-07,31,17,{}
b_amc,c485b488-0968-4983-a1e5-7b46568833c4,,2024-09-08,42,19,{}
b_amc,c485b488-0968-4983-a1e5-7b46568833c4,,2024-09-09,44,21,{}
b_amc,c485b488-0968-4983-a1e5-7b46568833c4,,2024-09-10,31,21,{}
b_amc,c485b488-0968-4983-a1e5-7b46568833c4,,2024-09-11,19,12,{}
b_amc,c485b488-0968-4983-a1e5-7b46568833c4,,2024-09-12,62,25,{}
b_amc,c485b488-0968-4983-a1e5-7b46568833c4,,2024-09-13,46,18,{}
b_amc,c485b488-0968-4983-a1e5-7b46568833c4,,2024-09-14,39,18,{}
b_amc,c485b488-0968-4983-a1e5-7b46568833c4,,2024-09-15,36,17,{}
b_amc,c485b488-0968-4983-a1e5-7b46568833c4,,2024-09-16,33,18,{}
b_amc,c485b488-0968-4983-a1e5-7b46568833c4,,2024-09-17,19,15,{}
b_amc,c485b488-0968-4983-a1e5-7b46568833c4,,2024-09-18,23,15,{}
b_amc,c485b488-0968-4983-a1e5-7b46568833c4,,2024-09-19,51,25,{}
b_amc,c485b488-0968-4983-a1e5-7b46568833c4,,2024-09-20,71,50,{}
b_amc,c485b488-0968-4983-a1e5-7b46568833c4,,2024-09-21,85,66,{}
b_amc,c485b488-0968-4983-a1e5-7b46568833c4,,2024-09-22,93,75,{}
b_amc,c485b488-0968-4983-a1e5-7b46568833c4,,2024-09-23,106,69,{}
b_amc,c485b488-0968-4983-a1e5-7b46568833c4,,2024-09-24,86,68,{}
b_amc,c485b488-0968-4983-a1e5-7b46568833c4,,2024-09-25,56,49,{}
b_amc,c485b488-0968-4983-a1e5-7b46568833c4,,2024-09-26,44,26,{}
b_amc,c485b488-0968-4983-a1e5-7b46568833c4,,2024-09-27,30,19,{}
b_amc,c485b488-0968-4983-a1e5-7b46568833c4,,2024-09-28,27,14,{}
b_amc,c485b488-0968-4983-a1e5-7b46568833c4,,2024-09-29,39,25,{}
b_amc,c485b488-0968-4983-a1e5-7b46568833c4,,2024-09-30,39,15,{}
b_amc,c485b488-0968-4983-a1e5-7b46568833c4,,2024-10-01,26,11,{}
b_amc,c485b488-0968-4983-a1e5-7b46568833c4,,2024-10-02,27,16,{}
b_amc,c485b488-0968-4983-a1e5-7b46568833c4,,2024-10-03,25,14,{}
b_amc,c485b488-0968-4983-a1e5-7b46568833c4,,2024-10-04,20,13,{}
b_amc,c485b488-0968-4983-a1e5-7b46568833c4,,2024-10-05,43,19,{}
b_amc,c485b488-0968-4983-a1e5-7b46568833c4,,2024-10-06,36,13,{}
b_amc,c485b488-0968-4983-a1e5-7b46568833c4,,2024-10-07,42,21,{}
b_amc,c485b488-0968-4983-a1e5-7b46568833c4,,2024-10-08,36,15,{}
b_amc,c485b488-0968-4983-a1e5-7b46568833c4,,2024-10-09,24,14,{}
b_amc,c485b488-0968-4983-a1e5-7b46568833c4,,2024-10-10,52,22,{}
b_amc,c485b488-0968-4983-a1e5-7b46568833c4,,2024-10-11,31,17,{}
b_amc,c485b488-0968-4983-a1e5-7b46568833c4,,2024-10-12,28,15,{}
b_amc,c485b488-0968-4983-a1e5-7b46568833c4,,2024-10-13,27,14,{}
b_amc,c485b488-0968-4983-a1e5-7b46568833c4,,2024-10-14,10,10,{}
b_amc,c485b488-0968-4983-a1e5-7b46568833c4,,2024-10-15,73,42,{}
b_amc,c485b488-0968-4983-a1e5-7b46568833c4,,2024-10-16,91,68,{}
b_amc,c485b488-0968-4983-a1e5-7b46568833c4,,2024-10-17,79,71,{}
b_amc,c485b488-0968-4983-a1e5-7b46568833c4,,2024-10-18,75,69,{}
b_amc,c485b488-0968-4983-a1e5-7b46568833c4,,2024-10-19,106,79,{}
b_amc,c485b488-0968-4983-a1e5-7b46568833c4,,2024-10-20,84,78,{}
b_amc,c485b488-0968-4983-a1e5-7b46568833c4,,2024-10-21,83,30,{}
b_amc,c485b488-0968-4983-a1e5-7b46568833c4,,2024-10-22,18,12,{}
b_amc,c485b488-0968-4983-a1e5-7b46568833c4,,2024-10-23,34,15,{}
b_amc,c485b488-0968-4983-a1e5-7b46568833c4,,2024-10-24,15,10,{}
b_amc,c485b488-0968-4983-a1e5-7b46568833c4,,2024-10-25,38,19,{}
b_amc,c485b488-0968-4983-a1e5-7b46568833c4,,2024-10-26,37,17,{}
b_amc,c485b488-0968-4983-a1e5-7b46568833c4,,2024-10-27,16,13,{}
b_amc,c485b488-0968-4983-a1e5-7b46568833c4,,2024-10-28,28,17,{}
b_amc,c485b488-0968-4983-a1e5-7b46568833c4,,2024-10-29,38,21,{}
b_amc,c485b488-0968-4983-a1e5-7b46568833c4,,2024-10-30,10,8,{}
b_amc,c485b488-0968-4983-a1e5-7b46568833c4,,2024-10-31,13,9,{}
b_amc,c485b488-0968-4983-a1e5-7b46568833c4,,2024-11-01,32,19,{}
b_amc,c485b488-0968-4983-a1e5-7b46568833c4,,2024-11-02,20,14,{}
b_amc,c485b488-0968-4983-a1e5-7b46568833c4,,2024-11-03,36,21,{}
b_amc,c485b488-0968-4983-a1e5-7b46568833c4,,2024-11-04,48,17,{}
b_amc,c485b488-0968-4983-a1e5-7b46568833c4,,2024-11-05,15,12,{}
b_amc,c485b488-0968-4983-a1e5-7b46568833c4,,2024-11-06,33,16,{}
b_amc,c485b488-0968-4983-a1e5-7b46568833c4,,2024-11-07,36,22,{}
b_amc,c485b488-0968-4983-a1e5-7b46568833c4,,2024-11-08,23,18,{}
b_amc,c485b488-0968-4983-a1e5-7b46568833c4,,2024-11-09,22,15,{}
b_amc,c485b488-0968-4983-a1e5-7b46568833c4,,2024-11-10,19,13,{}
b_amc,c485b488-0968-4983-a1e5-7b46568833c4,,2024-11-11,50,22,{}
b_amc,c485b488-0968-4983-a1e5-7b46568833c4,,2024-11-12,38,21,{}
b_amc,c485b488-0968-4983-a1e5-7b46568833c4,,2024-11-13,42,20,{}
b_amc,c485b488-0968-4983-a1e5-7b46568833c4,,2024-11-14,24,17,{}
b_amc,c485b488-0968-4983-a1e5-7b46568833c4,,2024-11-15,21,17,{}
b_amc,c485b488-0968-4983-a1e5-7b46568833c4,,2024-11-16,32,24,{}
b_amc,c485b488-0968-4983-a1e5-7b46568833c4,,2024-11-17,25,19,{}
b_amc,c485b488-0968-4983-a1e5-7b46568833c4,,2024-11-18,41,25,{}
b_amc,c485b488-0968-4983-a1e5-7b46568833c4,,2024-11-19,87,78,{}
b_amc,c485b488-0968-4983-a1e5-7b46568833c4,,2024-11-20,90,80,{}
b_amc,c485b488-0968-4983-a1e5-7b46568833c4,,2024-11-21,86,73,{}
b_amc,c485b488-0968-4983-a1e5-7b46568833c4,,2024-11-22,75,61,{}
b_amc,c485b488-0968-4983-a1e5-7b46568833c4,,2024-11-23,85,75,{}
b_amc,c485b488-0968-4983-a1e5-7b46568833c4,,2024-11-24,93,78,{}
b_amc,c485b488-0968-4983-a1e5-7b46568833c4,,2024-11-25,80,73,{}
b_amc,c485b488-0968-4983-a1e5-7b46568833c4,,2024-11-26,83,65,{}
b_amc,c485b488-0968-4983-a1e5-7b46568833c4,,2024-11-27,49,42,{}
b_amc,c485b488-0968-4983-a1e5-7b46568833c4,,2024-11-28,42,29,{}
b_amc,c485b488-0968-4983-a1e5-7b46568833c4,,2024-11-29,27,12,{}
b_amc,c485b488-0968-4983-a1e5-7b46568833c4,,2024-11-30,40,23,{}
b_amc,c485b488-0968-4983-a1e5-7b46568833c4,,2024-12-01,27,18,{}
b_amc,c485b488-0968-4983-a1e5-7b46568833c4,,2024-12-02,32,14,{}
b_amc,c485b488-0968-4983-a1e5-7b46568833c4,,2024-12-03,40,15,{}
b_amc,c485b488-0968-4983-a1e5-7b46568833c4,,2024-12-04,23,18,{}
b_amc,c485b488-0968-4983-a1e5-7b46568833c4,,2024-12-05,24,17,{}
b_amc,c485b488-0968-4983-a1e5-7b46568833c4,,2024-12-06,15,14,{}
b_amc,c485b488-0968-4983-a1e5-7b46568833c4,,2024-12-07,29,15,{}
b_amc,c485b488-0968-4983-a1e5-7b46568833c4,,2024-12-08,28,13,{}
b_amc,c485b488-0968-4983-a1e5-7b46568833c4,,2024-12-09,35,19,{}
b_amc,c485b488-0968-4983-a1e5-7b46568833c4,,2024-12-10,15,10,{}
b_amc,c485b488-0968-4983-a1e5-7b46568833c4,,2024-12-11,29,21,{}
b_amc,c485b488-0968-4983-a1e5-7b46568833c4,,2024-12-12,21,11,{}
b_amc,c485b488-0968-4983-a1e5-7b46568833c4,,2024-12-13,21,14,{}
b_amc,c485b488-0968-4983-a1e5-7b46568833c4,,2024-12-14,35,21,{}
b_amc,c485b488-0968-4983-a1e5-7b46568833c4,,2024-12-15,21,16,{}
b_amc,c485b488-0968-4983-a1e5-7b46568833c4,,2024-12-16,23,10,{}
b_amc,c485b488-0968-4983-a1e5-7b46568833c4,,2024-12-17,31,21,{}
b_amc,c485b488-0968-4983-a1e5-7b46568833c4,,2024-12-18,33,21,{}
b_amc,c485b488-0968-4983-a1e5-7b46568833c4,,2024-12-19,27,19,{}
b_amc,c485b488-0968-4983-a1e5-7b46568833c4,,2024-12-20,31,21,{}
b_amc,c485b488-0968-4983-a1e5-7b46568833c4,,2024-12-21,23,17,{}
b_amc,c485b488-0968-4983-a1e5-7b46568833c4,,2024-12-22,54,16,{}
b_amc,c485b488-0968-4983-a1e5-7b46568833c4,,2024-12-23,50,32,{}
b_amc,c485b488-0968-4983-a1e5-7b46568833c4,,2024-12-24,24,14,{}
b_amc,c485b488-0968-4983-a1e5-7b46568833c4,,2024-12-25,40,19,{}
b_amc,c485b488-0968-4983-a1e5-7b46568833c4,,2024-12-26,40,15,{}
b_amc,c485b488-0968-4983-a1e5-7b46568833c4,,2024-12-27,35,17,{}
b_amc,c485b488-0968-4983-a1e5-7b46568833c4,,2024-12-28,30,18,{}
b_amc,c485b488-0968-4983-a1e5-7b46568833c4,,2024-12-29,22,14,{}
b_amc,c485b488-0968-4983-a1e5-7b46568833c4,,2024-12-30,45,26,{}
b_amc,c485b488-0968-4983-a1e5-7b46568833c4,,2024-12-31,59,26,{}
b_amc,c485b488-0968-4983-a1e5-7b46568833c4,,2025-01-01,31,17,{}
b_amc,c485b488-0968-4983-a1e5-7b46568833c4,,2025-01-02,48,20,{}
b_amc,c485b488-0968-4983-a1e5-7b46568833c4,,2025-01-03,30,13,{}
b_amc,c485b488-0968-4983-a1e5-7b46568833c4,,2025-01-04,35,20,{}
b_amc,c485b488-0968-4983-a1e5-7b46568833c4,,2025-01-05,44,24,{}
b_amc,c485b488-0968-4983-a1e5-7b46568833c4,,2025-01-06,29,19,{}
b_amc,c485b488-0968-4983-a1e5-7b46568833c4,,2025-01-07,39,22,{}
b_amc,c485b488-0968-4983-a1e5-7b46568833c4,,2025-01-08,42,25,{}
b_amc,c485b488-0968-4983-a1e5-7b46568833c4,,2025-01-09,67,28,{}
b_amc,c485b488-0968-4983-a1e5-7b46568833c4,,2025-01-10,106,43,{}
b_amc,c485b488-0968-4983-a1e5-7b46568833c4,,2025-01-11,41,24,{}
b_amc,c485b488-0968-4983-a1e5-7b46568833c4,,2025-01-12,53,33,{}
b_amc,c485b488-0968-4983-a1e5-7b46568833c4,,2025-01-13,48,30,{}
b_amc,c485b488-0968-4983-a1e5-7b46568833c4,,2025-01-14,59,37,{}
b_amc,c485b488-0968-4983-a1e5-7b46568833c4,,2025-01-15,35,20,{}
b_amc,c485b488-0968-4983-a1e5-7b46568833c4,,2025-01-16,44,20,{}
b_amc,c485b488-0968-4983-a1e5-7b46568833c4,,2025-01-17,57,37,{}
b_amc,c485b488-0968-4983-a1e5-7b46568833c4,,2025-01-18,62,33,{}
b_amc,c485b488-0968-4983-a1e5-7b46568833c4,,2025-01-19,48,24,{}
b_amc,c485b488-0968-4983-a1e5-7b46568833c4,,2025-01-20,18,15,{}
b_amc,c485b488-0968-4983-a1e5-7b46568833c4,,2025-01-21,71,40,{}
b_amc,c485b488-0968-4983-a1e5-7b46568833c4,,2025-01-22,103,61,{}
b_amc,c485b488-0968-4983-a1e5-7b46568833c4,,2025-01-23,112,72,{}
b_amc,c485b488-0968-4983-a1e5-7b46568833c4,,2025-01-24,75,61,{}
b_amc,c485b488-0968-4983-a1e5-7b46568833c4,,2025-01-25,59,40,{}
b_amc,c485b488-0968-4983-a1e5-7b46568833c4,,2025-01-26,89,60,{}
b_amc,c485b488-0968-4983-a1e5-7b46568833c4,,2025-01-27,63,51,{}
b_amc,c485b488-0968-4983-a1e5-7b46568833c4,,2025-01-28,64,46,{}
b_amc,c485b488-0968-4983-a1e5-7b46568833c4,,2025-01-29,42,38,{}
b_amc,c485b488-0968-4983-a1e5-7b46568833c4,,2025-01-30,71,53,{}
b_amc,c485b488-0968-4983-a1e5-7b46568833c4,,2025-01-31,78,42,{}
b_amc,c485b488-0968-4983-a1e5-7b46568833c4,,2025-02-01,37,26,{}
b_amc,c485b488-0968-4983-a1e5-7b46568833c4,,2025-02-02,56,40,{}
b_amc,c485b488-0968-4983-a1e5-7b46568833c4,,2025-02-03,52,27,{}
b_amc,c485b488-0968-4983-a1e5-7b46568833c4,,2025-02-04,45,32,{}
b_amc,c485b488-0968-4983-a1e5-7b46568833c4,,2025-02-05,23,16,{}
b_amc,c485b488-0968-4983-a1e5-7b46568833c4,,2025-02-06,30,22,{}
b_amc,c485b488-0968-4983-a1e5-7b46568833c4,,2025-02-07,45,29,{}
b_amc,c485b488-0968-4983-a1e5-7b46568833c4,,2025-02-08,44,24,{}
b_amc,c485b488-0968-4983-a1e5-7b46568833c4,,2025-02-09,35,25,{}
b_amc,c485b488-0968-4983-a1e5-7b46568833c4,,2025-02-10,41,30,{}
b_amc,c485b488-0968-4983-a1e5-7b46568833c4,,2025-02-11,40,19,{}
b_amc,c485b488-0968-4983-a1e5-7b46568833c4,,2025-02-12,26,20,{}
b_amc,c485b488-0968-4983-a1e5-7b46568833c4,,2025-02-13,49,32,{}
b_amc,c485b488-0968-4983-a1e5-7b46568833c4,,2025-02-14,101,46,{}
b_amc,c485b488-0968-4983-a1e5-7b46568833c4,,2025-02-15,45,24,{}
b_amc,c485b488-0968-4983-a1e5-7b46568833c4,,2025-02-16,33,19,{}
b_amc,c485b488-0968-4983-a1e5-7b46568833c4,,2025-02-17,32,20,{}
b_amc,c485b488-0968-4983-a1e5-7b46568833c4,,2025-02-18,43,22,{}
b_amc,c485b488-0968-4983-a1e5-7b46568833c4,,2025-02-19,26,16,{}
b_amc,c485b488-0968-4983-a1e5-7b46568833c4,,2025-02-20,22,14,{}
b_amc,c485b488-0968-4983-a1e5-7b46568833c4,,2025-02-21,48,22,{}
b_amc,c485b488-0968-4983-a1e5-7b46568833c4,,2025-02-22,45,21,{}
b_amc,c485b488-0968-4983-a1e5-7b46568833c4,,2025-02-23,57,26,{}
b_amc,c485b488-0968-4983-a1e5-7b46568833c4,,2025-02-24,38,21,{}
b_amc,c485b488-0968-4983-a1e5-7b46568833c4,,2025-02-25,34,24,{}
b_amc,c485b488-0968-4983-a1e5-7b46568833c4,,2025-02-26,37,26,{}
b_amc,c485b488-0968-4983-a1e5-7b46568833c4,,2025-02-27,26,20,{}
b_amc,c485b488-0968-4983-a1e5-7b46568833c4,,2025-02-28,17,12,{}
b_amc,c485b488-0968-4983-a1e5-7b46568833c4,,2025-03-01,58,16,{}
b_amc,c485b488-0968-4983-a1e5-7b46568833c4,,2025-03-02,15,14,{}
b_amc,c485b488-0968-4983-a1e5-7b46568833c4,,2025-03-03,23,13,{}
b_amc,c485b488-0968-4983-a1e5-7b46568833c4,,2025-03-04,25,16,{}
b_amc,c485b488-0968-4983-a1e5-7b46568833c4,,2025-03-05,26,14,{}
b_amc,c485b488-0968-4983-a1e5-7b46568833c4,,2025-03-06,34,18,{}
b_amc,c485b488-0968-4983-a1e5-7b46568833c4,,2025-03-07,41,23,{}
b_amc,c485b488-0968-4983-a1e5-7b46568833c4,,2025-03-08,34,19,{}
b_amc,c485b488-0968-4983-a1e5-7b46568833c4,,2025-03-09,49,30,{}
b_amc,c485b488-0968-4983-a1e5-7b46568833c4,,2025-03-10,43,28,{}
b_amc,c485b488-0968-4983-a1e5-7b46568833c4,,2025-03-11,37,22,{}
b_amc,c485b488-0968-4983-a1e5-7b46568833c4,,2025-03-12,24,16,{}
b_amc,c485b488-0968-4983-a1e5-7b46568833c4,,2025-03-13,38,23,{}
b_amc,c485b488-0968-4983-a1e5-7b46568833c4,,2025-03-14,39,19,{}
b_amc,c485b488-0968-4983-a1e5-7b46568833c4,,2025-03-15,56,26,{}
b_amc,c485b488-0968-4983-a1e5-7b46568833c4,,2025-03-16,26,20,{}
b_amc,c485b488-0968-4983-a1e5-7b46568833c4,,2025-03-17,46,19,{}
b_amc,c485b488-0968-4983-a1e5-7b46568833c4,,2025-03-18,23,16,{}
b_amc,c485b488-0968-4983-a1e5-7b46568833c4,,2025-03-19,46,25,{}
b_amc,c485b488-0968-4983-a1e5-7b46568833c4,,2025-03-20,41,24,{}
b_amc,c485b488-0968-4983-a1e5-7b46568833c4,,2025-03-21,54,19,{}
b_amc,c485b488-0968-4983-a1e5-7b46568833c4,,2025-03-22,30,20,{}
b_amc,c485b488-0968-4983-a1e5-7b46568833c4,,2025-03-23,35,26,{}
b_amc,c485b488-0968-4983-a1e5-7b46568833c4,,2025-03-24,47,27,{}
b_amc,c485b488-0968-4983-a1e5-7b46568833c4,,2025-03-25,33,19,{}
b_amc,c485b488-0968-4983-a1e5-7b46568833c4,,2025-03-26,22,11,{}
b_amc,c485b488-0968-4983-a1e5-7b46568833c4,,2025-03-27,34,25,{}
b_amc,c485b488-0968-4983-a1e5-7b46568833c4,,2025-03-28,18,15,{}
b_amc,c485b488-0968-4983-a1e5-7b46568833c4,,2025-03-29,27,17,{}
b_amc,c485b488-0968-4983-a1e5-7b46568833c4,,2025-03-30,23,12,{}
b_amc,c485b488-0968-4983-a1e5-7b46568833c4,,2025-03-31,25,20,{}
b_amc,c485b488-0968-4983-a1e5-7b46568833c4,,2025-04-01,31,17,{}
b_amc,c485b488-0968-4983-a1e5-7b46568833c4,,2025-04-02,38,13,{}
b_amc,c485b488-0968-4983-a1e5-7b46568833c4,,2025-04-03,29,20,{}
b_amc,c485b488-0968-4983-a1e5-7b46568833c4,,2025-04-04,27,18,{}
b_amc,c485b488-0968-4983-a1e5-7b46568833c4,,2025-04-05,37,18,{}
b_amc,c485b488-0968-4983-a1e5-7b46568833c4,,2025-04-06,45,16,{}
b_amc,c485b488-0968-4983-a1e5-7b46568833c4,,2025-04-07,38,21,{}
b_amc,c485b488-0968-4983-a1e5-7b46568833c4,,2025-04-08,40,23,{}
b_amc,c485b488-0968-4983-a1e5-7b46568833c4,,2025-04-09,62,26,{}
b_amc,c485b488-0968-4983-a1e5-7b46568833c4,,2025-04-10,54,11,{}
b_amc,c485b488-0968-4983-a1e5-7b46568833c4,,2025-04-11,15,10,{}
b_amc,c485b488-0968-4983-a1e5-7b46568833c4,,2025-04-12,23,13,{}
b_amc,c485b488-0968-4983-a1e5-7b46568833c4,,2025-04-13,44,14,{}
b_amc,c485b488-0968-4983-a1e5-7b46568833c4,,2025-04-14,44,17,{}
b_amc,c485b488-0968-4983-a1e5-7b46568833c4,,2025-04-15,37,20,{}
b_amc,c485b488-0968-4983-a1e5-7b46568833c4,,2025-04-16,14,4,{}
b_amc,c485b488-0968-4983-a1e5-7b46568833c4,,2025-04-17,41,27,{}
b_amc,c485b488-0968-4983-a1e5-7b46568833c4,,2025-04-18,29,25,{}
b_amc,c485b488-0968-4983-a1e5-7b46568833c4,,2025-04-19,23,16,{}
b_amc,c485b488-0968-4983-a1e5-7b46568833c4,,2025-04-20,27,14,{}
b_amc,c485b488-0968-4983-a1e5-7b46568833c4,,2025-04-21,31,17,{}
b_amc,c485b488-0968-4983-a1e5-7b46568833c4,,2025-04-22,33,16,{}
b_amc,c485b488-0968-4983-a1e5-7b46568833c4,,2025-04-23,44,16,{}
b_amc,c485b488-0968-4983-a1e5-7b46568833c4,,2025-04-24,36,11,{}
b_amc,c485b488-0968-4983-a1e5-7b46568833c4,,2025-04-25,75,22,{}
b_amc,c485b488-0968-4983-a1e5-7b46568833c4,,2025-04-26,74,23,{}
b_amc,c485b488-0968-4983-a1e5-7b46568833c4,,2025-04-27,87,14,{}
b_amc,c485b488-0968-4983-a1e5-7b46568833c4,,2025-04-28,19,13,{}
b_amc,c485b488-0968-4983-a1e5-7b46568833c4,,2025-04-29,52,17,{}
b_amc,c485b488-0968-4983-a1e5-7b46568833c4,,2025-04-30,25,10,{}
b_amc,c485b488-0968-4983-a1e5-7b46568833c4,,2025-05-01,27,15,{}
b_amc,c485b488-0968-4983-a1e5-7b46568833c4,,2025-05-02,20,13,{}
b_amc,c485b488-0968-4983-a1e5-7b46568833c4,,2025-05-03,39,18,{}
b_amc,c485b488-0968-4983-a1e5-7b46568833c4,,2025-05-04,18,14,{}
b_amc,c485b488-0968-4983-a1e5-7b46568833c4,,2025-05-05,30,17,{}
b_amc,c485b488-0968-4983-a1e5-7b46568833c4,,2025-05-06,41,16,{}
b_amc,c485b488-0968-4983-a1e5-7b46568833c4,,2025-05-07,45,22,{}
b_amc,c485b488-0968-4983-a1e5-7b46568833c4,,2025-05-08,49,20,{}
b_amc,c485b488-0968-4983-a1e5-7b46568833c4,,2025-05-09,69,26,{}
b_amc,c485b488-0968-4983-a1e5-7b46568833c4,,2025-05-10,22,13,{}
b_amc,c485b488-0968-4983-a1e5-7b46568833c4,,2025-05-11,33,15,{}
b_amc,c485b488-0968-4983-a1e5-7b46568833c4,,2025-05-12,21,11,{}
b_amc,c485b488-0968-4983-a1e5-7b46568833c4,,2025-05-13,22,17,{}
b_amc,c485b488-0968-4983-a1e5-7b46568833c4,,2025-05-14,23,14,{}
b_amc,c485b488-0968-4983-a1e5-7b46568833c4,,2025-05-15,29,16,{}
b_amc,c485b488-0968-4983-a1e5-7b46568833c4,,2025-05-16,23,19,{}
b_amc,c485b488-0968-4983-a1e5-7b46568833c4,,2025-05-17,43,27,{}
b_amc,c485b488-0968-4983-a1e5-7b46568833c4,,2025-05-18,37,21,{}
b_amc,c485b488-0968-4983-a1e5-7b46568833c4,,2025-05-19,58,31,{}
b_amc,c485b488-0968-4983-a1e5-7b46568833c4,,2025-05-20,25,19,{}
b_amc,c485b488-0968-4983-a1e5-7b46568833c4,,2025-05-21,35,20,{}
b_amc,c485b488-0968-4983-a1e5-7b46568833c4,,2025-05-22,19,11,{}
b_amc,c485b488-0968-4983-a1e5-7b46568833c4,,2025-05-23,40,21,{}
b_amc,c485b488-0968-4983-a1e5-7b46568833c4,,2025-05-24,21,13,{}
b_amc,c485b488-0968-4983-a1e5-7b46568833c4,,2025-05-25,27,19,{}
b_amc,c485b488-0968-4983-a1e5-7b46568833c4,,2025-05-26,39,24,{}
b_amc,c485b488-0968-4983-a1e5-7b46568833c4,,2025-05-27,27,20,{}
b_amc,c485b488-0968-4983-a1e5-7b46568833c4,,2025-05-28,43,18,{}
b_amc,c485b488-0968-4983-a1e5-7b46568833c4,,2025-05-29,20,13,{}
b_amc,c485b488-0968-4983-a1e5-7b46568833c4,,2025-05-30,46,17,{}
b_amc,c485b488-0968-4983-a1e5-7b46568833c4,,2025-05-31,40,20,{}
b_amc,c485b488-0968-4983-a1e5-7b46568833c4,,2025-06-01,54,23,{}
b_amc,c485b488-0968-4983-a1e5-7b46568833c4,,2025-06-02,41,28,{}
b_amc,c485b488-0968-4983-a1e5-7b46568833c4,,2025-06-03,30,11,{}
b_amc,c485b488-0968-4983-a1e5-7b46568833c4,,2025-06-04,20,16,{}
b_amc,c485b488-0968-4983-a1e5-7b46568833c4,,2025-06-05,44,18,{}
b_amc,c485b488-0968-4983-a1e5-7b46568833c4,,2025-06-06,29,13,{}
b_amc,c485b488-0968-4983-a1e5-7b46568833c4,,2025-06-07,25,18,{}
b_amc,c485b488-0968-4983-a1e5-7b46568833c4,,2025-06-08,34,23,{}
b_amc,c485b488-0968-4983-a1e5-7b46568833c4,,2025-06-09,24,15,{}
b_amc,c485b488-0968-4983-a1e5-7b46568833c4,,2025-06-10,33,22,{}
b_amc,c485b488-0968-4983-a1e5-7b46568833c4,,2025-06-11,24,17,{}
b_amc,c485b488-0968-4983-a1e5-7b46568833c4,,2025-06-12,30,15,{}
b_amc,c485b488-0968-4983-a1e5-7b46568833c4,,2025-06-13,42,29,{}
b_amc,c485b488-0968-4983-a1e5-7b46568833c4,,2025-06-14,48,21,{}
b_amc,c485b488-0968-4983-a1e5-7b46568833c4,,2025-06-15,52,20,{}
b_amc,c485b488-0968-4983-a1e5-7b46568833c4,,2025-06-16,36,24,{}
b_amc,c485b488-0968-4983-a1e5-7b46568833c4,,2025-06-17,40,21,{}
b_amc,c485b488-0968-4983-a1e5-7b46568833c4,,2025-06-18,21,15,{}
b_amc,c485b488-0968-4983-a1e5-7b46568833c4,,2025-06-19,30,21,{}
b_amc,c485b488-0968-4983-a1e5-7b46568833c4,,2025-06-20,32,18,{}
b_amc,c485b488-0968-4983-a1e5-7b46568833c4,,2025-06-21,20,16,{}
b_amc,c485b488-0968-4983-a1e5-7b46568833c4,,2025-06-22,32,15,{}
b_amc,c485b488-0968-4983-a1e5-7b46568833c4,,2025-06-23,42,22,{}
b_amc,c485b488-0968-4983-a1e5-7b46568833c4,,2025-06-24,15,11,{}
b_amc,c485b488-0968-4983-a1e5-7b46568833c4,,2025-06-25,22,12,{}
b_amc,c485b488-0968-4983-a1e5-7b46568833c4,,2025-06-26,44,26,{}
b_amc,c485b488-0968-4983-a1e5-7b46568833c4,,2025-06-27,26,15,{}
b_amc,c485b488-0968-4983-a1e5-7b46568833c4,,2025-06-28,28,19,{}
b_amc,c485b488-0968-4983-a1e5-7b46568833c4,,2025-06-29,27,14,{}
b_amc,c485b488-0968-4983-a1e5-7b46568833c4,,2025-06-30,37,20,{}
b_amc,c485b488-0968-4983-a1e5-7b46568833c4,,2025-07-01,29,21,{}
b_amc,c485b488-0968-4983-a1e5-7b46568833c4,,2025-07-02,25,18,{}
b_amc,c485b488-0968-4983-a1e5-7b46568833c4,,2025-07-03,21,12,{}
b_amc,c485b488-0968-4983-a1e5-7b46568833c4,,2025-07-04,15,8,{}
b_amc,c485b488-0968-4983-a1e5-7b46568833c4,,2025-07-05,33,19,{}
b_amc,c485b488-0968-4983-a1e5-7b46568833c4,,2025-07-06,56,21,{}
b_amc,c485b488-0968-4983-a1e5-7b46568833c4,,2025-07-07,35,18,{}
b_amc,c485b488-0968-4983-a1e5-7b46568833c4,,2025-07-08,21,17,{}
b_amc,c485b488-0968-4983-a1e5-7b46568833c4,,2025-07-09,14,14,{}
b_amc,c485b488-0968-4983-a1e5-7b46568833c4,,2025-07-10,48,19,{}
b_amc,c485b488-0968-4983-a1e5-7b46568833c4,,2025-07-11,27,17,{}
b_amc,c485b488-0968-4983-a1e5-7b46568833c4,,2025-07-12,18,15,{}
b_amc,c485b488-0968-4983-a1e5-7b46568833c4,,2025-07-13,33,16,{}
b_amc,c485b488-0968-4983-a1e5-7b46568833c4,,2025-07-14,33,17,{}
b_amc,c485b488-0968-4983-a1e5-7b46568833c4,,2025-07-15,26,13,{}
b_amc,c485b488-0968-4983-a1e5-7b46568833c4,,2025-07-16,17,12,{}
b_amc,c485b488-0968-4983-a1e5-7b46568833c4,,2025-07-17,22,16,{}
b_amc,c485b488-0968-4983-a1e5-7b46568833c4,,2025-07-18,11,8,{}
b_amc,c485b488-0968-4983-a1e5-7b46568833c4,,2025-07-19,33,14,{}
b_amc,c485b488-0968-4983-a1e5-7b46568833c4,,2025-07-20,28,16,{}
b_amc,c485b488-0968-4983-a1e5-7b46568833c4,,2025-07-21,17,10,{}
b_amc,c485b488-0968-4983-a1e5-7b46568833c4,,2025-07-22,24,15,{}
b_amc,c485b488-0968-4983-a1e5-7b46568833c4,,2025-07-23,23,16,{}
b_amc,c485b488-0968-4983-a1e5-7b46568833c4,,2025-07-24,36,22,{}
b_amc,c485b488-0968-4983-a1e5-7b46568833c4,,2025-07-25,17,10,{}
b_amc,c485b488-0968-4983-a1e5-7b46568833c4,,2025-07-26,53,23,{}
b_amc,c485b488-0968-4983-a1e5-7b46568833c4,,2025-07-27,38,21,{}
b_amc,c485b488-0968-4983-a1e5-7b46568833c4,,2025-07-28,67,32,{}
b_amc,c485b488-0968-4983-a1e5-7b46568833c4,,2025-07-29,37,21,{}
b_amc,c485b488-0968-4983-a1e5-7b46568833c4,,2025-07-30,24,13,{}
b_amc,c485b488-0968-4983-a1e5-7b46568833c4,,2025-07-31,44,16,{}
b_amc,c485b488-0968-4983-a1e5-7b46568833c4,,2025-08-01,25,13,{}
b_amc,c485b488-0968-4983-a1e5-7b46568833c4,,2025-08-02,19,14,{}
b_amc,c485b488-0968-4983-a1e5-7b46568833c4,,2025-08-03,33,14,{}
b_amc,c485b488-0968-4983-a1e5-7b46568833c4,,2025-08-04,27,20,{}
b_amc,c485b488-0968-4983-a1e5-7b46568833c4,,2025-08-05,36,17,{}
b_amc,c485b488-0968-4983-a1e5-7b46568833c4,,2025-08-06,47,12,{}
b_amc,c485b488-0968-4983-a1e5-7b46568833c4,,2025-08-07,39,21,{}
b_amc,c485b488-0968-4983-a1e5-7b46568833c4,,2025-08-08,42,26,{}
b_amc,c485b488-0968-4983-a1e5-7b46568833c4,,2025-08-09,23,11,{}
b_amc,c485b488-0968-4983-a1e5-7b46568833c4,,2025-08-10,21,13,{}
b_amc,c485b488-0968-4983-a1e5-7b46568833c4,,2025-08-11,27,21,{}
b_amc,c485b488-0968-4983-a1e5-7b46568833c4,,2025-08-12,42,17,{}
b_amc,c485b488-0968-4983-a1e5-7b46568833c4,,2025-08-13,36,18,{}
b_amc,c485b488-0968-4983-a1e5-7b46568833c4,,2025-08-14,42,24,{}
b_amc,c485b488-0968-4983-a1e5-7b46568833c4,,2025-08-15,23,14,{}
b_amc,c485b488-0968-4983-a1e5-7b46568833c4,,2025-08-16,44,26,{}
b_amc,c485b488-0968-4983-a1e5-7b46568833c4,,2025-08-17,67,32,{}
b_amc,c485b488-0968-4983-a1e5-7b46568833c4,,2025-08-18,53,27,{}
b_amc,c485b488-0968-4983-a1e5-7b46568833c4,,2025-08-19,38,26,{}
b_amc,c485b488-0968-4983-a1e5-7b46568833c4,,2025-08-20,50,27,{}
b_amc,c485b488-0968-4983-a1e5-7b46568833c4,,2025-08-21,44,25,{}
b_amc,c485b488-0968-4983-a1e5-7b46568833c4,,2025-08-22,56,17,{}
b_amc,c485b488-0968-4983-a1e5-7b46568833c4,,2025-08-23,35,22,{}
b_amc,c485b488-0968-4983-a1e5-7b46568833c4,,2025-08-24,33,18,{}
b_amc,c485b488-0968-4983-a1e5-7b46568833c4,,2025-08-25,36,23,{}
b_amc,c485b488-0968-4983-a1e5-7b46568833c4,,2025-08-26,39,24,{}
b_amc,c485b488-0968-4983-a1e5-7b46568833c4,,2025-08-27,40,20,{}
b_amc,c485b488-0968-4983-a1e5-7b46568833c4,,2025-08-28,29,12,{}
b_amc,c485b488-0968-4983-a1e5-7b46568833c4,,2025-08-29,35,23,{}
b_amc,c485b488-0968-4983-a1e5-7b46568833c4,,2025-08-30,56,30,{}
b_amc,c485b488-0968-4983-a1e5-7b46568833c4,,2025-08-31,45,26,{}
b_amc,c485b488-0968-4983-a1e5-7b46568833c4,,2025-09-01,28,23,{}
b_amc,c485b488-0968-4983-a1e5-7b46568833c4,,2025-09-02,33,18,{}
b_amc,c485b488-0968-4983-a1e5-7b46568833c4,,2025-09-03,51,24,{}
b_amc,c485b488-0968-4983-a1e5-7b46568833c4,,2025-09-04,34,20,{}
b_amc,c485b488-0968-4983-a1e5-7b46568833c4,,2025-09-05,45,20,{}
b_amc,c485b488-0968-4983-a1e5-7b46568833c4,,2025-09-06,44,29,{}
b_amc,c485b488-0968-4983-a1e5-7b46568833c4,,2025-09-07,35,27,{}
b_amc,c485b488-0968-4983-a1e5-7b46568833c4,,2025-09-08,34,27,{}
b_amc,c485b488-0968-4983-a1e5-7b46568833c4,,2025-09-09,27,19,{}
b_amc,c485b488-0968-4983-a1e5-7b46568833c4,,2025-09-10,44,32,{}
b_amc,c485b488-0968-4983-a1e5-7b46568833c4,,2025-09-11,54,29,{}
b_amc,c485b488-0968-4983-a1e5-7b46568833c4,,2025-09-12,33,26,{}
b_amc,c485b488-0968-4983-a1e5-7b46568833c4,,2025-09-13,26,20,{}
b_amc,c485b488-0968-4983-a1e5-7b46568833c4,,2025-09-14,44,27,{}
b_amc,c485b488-0968-4983-a1e5-7b46568833c4,,2025-09-15,48,24,{}
b_amc,c485b488-0968-4983-a1e5-7b46568833c4,,2025-09-16,35,22,{}
b_amc,c485b488-0968-4983-a1e5-7b46568833c4,,2025-09-17,40,24,{}
b_amc,c485b488-0968-4983-a1e5-7b46568833c4,,2025-09-18,41,23,{}
b_amc,c485b488-0968-4983-a1e5-7b46568833c4,,2025-09-19,26,20,{}
b_amc,c485b488-0968-4983-a1e5-7b46568833c4,,2025-09-20,26,16,{}
b_amc,c485b488-0968-4983-a1e5-7b46568833c4,,2025-09-21,29,23,{}
b_amc,c485b488-0968-4983-a1e5-7b46568833c4,,2025-09-22,39,23,{}
b_amc,c485b488-0968-4983-a1e5-7b46568833c4,,2025-09-23,29,21,{}
b_amc,c485b488-0968-4983-a1e5-7b46568833c4,,2025-09-24,30,19,{}
b_amc,c485b488-0968-4983-a1e5-7b46568833c4,,2025-09-25,27,15,{}
b_amc,c485b488-0968-4983-a1e5-7b46568833c4,,2025-09-26,55,25,{}
b_amc,c485b488-0968-4983-a1e5-7b46568833c4,,2025-09-27,74,26,{}
b_amc,c485b488-0968-4983-a1e5-7b46568833c4,,2025-09-28,35,23,{}
b_amc,c485b488-0968-4983-a1e5-7b46568833c4,,2025-09-29,76,34,{}
b_amc,c485b488-0968-4983-a1e5-7b46568833c4,,2025-09-30,25,17,{}
b_amc,c485b488-0968-4983-a1e5-7b46568833c4,,2025-10-01,39,25,{}
b_amc,c485b488-0968-4983-a1e5-7b46568833c4,,2025-10-02,61,32,{}
b_amc,c485b488-0968-4983-a1e5-7b46568833c4,,2025-10-03,73,39,{}
b_amc,c485b488-0968-4983-a1e5-7b46568833c4,,2025-10-04,52,35,{}
b_amc,c485b488-0968-4983-a1e5-7b46568833c4,,2025-10-05,43,25,{}
b_amc,c485b488-0968-4983-a1e5-7b46568833c4,,2025-10-06,49,30,{}
b_amc,c485b488-0968-4983-a1e5-7b46568833c4,,2025-10-07,53,42,{}
b_amc,c485b488-0968-4983-a1e5-7b46568833c4,,2025-10-08,34,28,{}
b_amc,c485b488-0968-4983-a1e5-7b46568833c4,,2025-10-09,40,22,{}
b_amc,c485b488-0968-4983-a1e5-7b46568833c4,,2025-10-10,45,25,{}
b_amc,c485b488-0968-4983-a1e5-7b46568833c4,,2025-10-11,52,23,{}
b_amc,c485b488-0968-4983-a1e5-7b46568833c4,,2025-10-12,33,22,{}
b_amc,c485b488-0968-4983-a1e5-7b46568833c4,,2025-10-13,47,26,{}
b_amc,c485b488-0968-4983-a1e5-7b46568833c4,,2025-10-14,36,21,{}
b_amc,c485b488-0968-4983-a1e5-7b46568833c4,,2025-10-15,24,17,{}
b_amc,c485b488-0968-4983-a1e5-7b46568833c4,,2025-10-16,42,28,{}
b_amc,c485b488-0968-4983-a1e5-7b46568833c4,,2025-10-17,26,19,{}
b_amc,c485b488-0968-4983-a1e5-7b46568833c4,,2025-10-18,37,20,{}
b_amc,c485b488-0968-4983-a1e5-7b46568833c4,,2025-10-19,29,23,{}
b_amc,c485b488-0968-4983-a1e5-7b46568833c4,,2025-10-20,49,33,{}
b_amc,c485b488-0968-4983-a1e5-7b46568833c4,,2025-10-21,50,27,{}
b_amc,c485b488-0968-4983-a1e5-7b46568833c4,,2025-10-22,54,27,{}
b_amc,c485b488-0968-4983-a1e5-7b46568833c4,,2025-10-23,43,21,{}
b_amc,c485b488-0968-4983-a1e5-7b46568833c4,,2025-10-24,30,16,{}
b_amc,c485b488-0968-4983-a1e5-7b46568833c4,,2025-10-25,31,16,{}
b_amc,c485b488-0968-4983-a1e5-7b46568833c4,,2025-10-26,19,12,{}
b_amc,c485b488-0968-4983-a1e5-7b46568833c4,,2025-10-27,54,28,{}
b_amc,c485b488-0968-4983-a1e5-7b46568833c4,,2025-10-28,28,15,{}
b_amc,c485b488-0968-4983-a1e5-7b46568833c4,,2025-10-29,25,15,{}
b_amc,c485b488-0968-4983-a1e5-7b46568833c4,,2025-10-30,29,14,{}
b_amc,c485b488-0968-4983-a1e5-7b46568833c4,,2025-10-31,26,18,{}
b_amc,c485b488-0968-4983-a1e5-7b46568833c4,,2025-11-01,60,20,{}
b_amc,c485b488-0968-4983-a1e5-7b46568833c4,,2025-11-02,39,16,{}
b_amc,c485b488-0968-4983-a1e5-7b46568833c4,,2025-11-03,31,15,{}
b_amc,c485b488-0968-4983-a1e5-7b46568833c4,,2025-11-04,27,13,{}
b_amc,c485b488-0968-4983-a1e5-7b46568833c4,,2025-11-05,39,17,{}
b_amc,c485b488-0968-4983-a1e5-7b46568833c4,,2025-11-06,18,13,{}
b_amc,c485b488-0968-4983-a1e5-7b46568833c4,,2025-11-07,20,11,{}
b_amc,c485b488-0968-4983-a1e5-7b46568833c4,,2025-11-08,21,13,{}
b_amc,c485b488-0968-4983-a1e5-7b46568833c4,,2025-11-09,14,10,{}
b_amc,c485b488-0968-4983-a1e5-7b46568833c4,,2025-11-10,29,17,{}
b_amc,c485b488-0968-4983-a1e5-7b46568833c4,,2025-11-11,29,17,{}
b_amc,c485b488-0968-4983-a1e5-7b46568833c4,,2025-11-12,42,15,{}
b_amc,c485b488-0968-4983-a1e5-7b46568833c4,,2025-11-13,40,16,{}
b_amc,c485b488-0968-4983-a1e5-7b46568833c4,,2025-11-14,77,30,{}
b_amc,c485b488-0968-4983-a1e5-7b46568833c4,,2025-11-15,42,22,{}
b_amc,c485b488-0968-4983-a1e5-7b46568833c4,,2025-11-16,19,13,{}
b_amc,c485b488-0968-4983-a1e5-7b46568833c4,,2025-11-17,33,16,{}
b_amc,c485b488-0968-4983-a1e5-7b46568833c4,,2025-11-18,35,16,{}
b_amc,c485b488-0968-4983-a1e5-7b46568833c4,,2025-11-19,25,14,{}
b_amc,c485b488-0968-4983-a1e5-7b46568833c4,,2025-11-20,26,13,{}
b_amc,c485b488-0968-4983-a1e5-7b46568833c4,,2025-11-21,19,16,{}
b_amc,c485b488-0968-4983-a1e5-7b46568833c4,,2025-11-22,25,13,{}
b_amc,c485b488-0968-4983-a1e5-7b46568833c4,,2025-11-23,27,18,{}
b_amc,c485b488-0968-4983-a1e5-7b46568833c4,,2025-11-24,43,20,{}
b_amc,c485b488-0968-4983-a1e5-7b46568833c4,,2025-11-25,41,15,{}
b_amc,c485b488-0968-4983-a1e5-7b46568833c4,,2025-11-26,24,11,{}
b_amc,c485b488-0968-4983-a1e5-7b46568833c4,,2025-11-27,28,18,{}
b_amc,c485b488-0968-4983-a1e5-7b46568833c4,,2025-11-28,44,19,{}
b_amc,c485b488-0968-4983-a1e5-7b46568833c4,,2025-11-29,19,15,{}
b_amc,c485b488-0968-4983-a1e5-7b46568833c4,,2025-11-30,19,17,{}
b_amc,c485b488-0968-4983-a1e5-7b46568833c4,,2025-12-01,55,23,{}
b_amc,c485b488-0968-4983-a1e5-7b46568833c4,,2025-12-02,32,15,{}
b_amc,c485b488-0968-4983-a1e5-7b46568833c4,,2025-12-03,33,13,{}
b_amc,c485b488-0968-4983-a1e5-7b46568833c4,,2025-12-04,17,13,{}
b_amc,c485b488-0968-4983-a1e5-7b46568833c4,,2025-12-05,34,19,{}
b_amc,c485b488-0968-4983-a1e5-7b46568833c4,,2025-12-06,19,16,{}
b_amc,c485b488-0968-4983-a1e5-7b46568833c4,,2025-12-07,54,20,{}
b_amc,c485b488-0968-4983-a1e5-7b46568833c4,,2025-12-08,57,21,{}
b_amc,c485b488-0968-4983-a1e5-7b46568833c4,,2025-12-09,18,15,{}
b_amc,c485b488-0968-4983-a1e5-7b46568833c4,,2025-12-10,39,23,{}
b_amc,c485b488-0968-4983-a1e5-7b46568833c4,,2025-12-11,29,19,{}
b_amc,c485b488-0968-4983-a1e5-7b46568833c4,,2025-12-12,38,15,{}
b_amc,c485b488-0968-4983-a1e5-7b46568833c4,,2025-12-13,24,13,{}
b_amc,c485b488-0968-4983-a1e5-7b46568833c4,,2025-12-14,77,25,{}
b_amc,c485b488-0968-4983-a1e5-7b46568833c4,,2025-12-15,27,20,{}
b_amc,c485b488-0968-4983-a1e5-7b46568833c4,,2025-12-16,53,17,{}
b_amc,c485b488-0968-4983-a1e5-7b46568833c4,,2025-12-17,22,15,{}
b_amc,c485b488-0968-4983-a1e5-7b46568833c4,,2025-12-18,38,21,{}
b_amc,c485b488-0968-4983-a1e5-7b46568833c4,,2025-12-19,35,24,{}
b_amc,c485b488-0968-4983-a1e5-7b46568833c4,,2025-12-20,13,10,{}
b_amc,c485b488-0968-4983-a1e5-7b46568833c4,,2025-12-21,52,17,{}
b_amc,c485b488-0968-4983-a1e5-7b46568833c4,,2025-12-22,26,21,{}
b_amc,c485b488-0968-4983-a1e5-7b46568833c4,,2025-12-23,28,19,{}
b_amc,c485b488-0968-4983-a1e5-7b46568833c4,,2025-12-24,35,10,{}
b_amc,c485b488-0968-4983-a1e5-7b46568833c4,,2025-12-25,37,17,{}
b_amc,c485b488-0968-4983-a1e5-7b46568833c4,,2025-12-26,27,17,{}
b_amc,c485b488-0968-4983-a1e5-7b46568833c4,,2025-12-27,39,19,{}
b_amc,c485b488-0968-4983-a1e5-7b46568833c4,,2025-12-28,37,22,{}
b_amc,c485b488-0968-4983-a1e5-7b46568833c4,,2025-12-29,43,29,{}
b_amc,c485b488-0968-4983-a1e5-7b46568833c4,,2025-12-30,36,21,{}
b_amc,c485b488-0968-4983-a1e5-7b46568833c4,,2025-12-31,45,17,{}
b_amc,c485b488-0968-4983-a1e5-7b46568833c4,,2026-01-01,27,15,{}
b_amc,c485b488-0968-4983-a1e5-7b46568833c4,,2026-01-02,33,23,{}
b_amc,c485b488-0968-4983-a1e5-7b46568833c4,,2026-01-03,58,28,{}
b_amc,c485b488-0968-4983-a1e5-7b46568833c4,,2026-01-04,47,26,{}
b_amc,c485b488-0968-4983-a1e5-7b46568833c4,,2026-01-05,56,28,{}
b_amc,c485b488-0968-4983-a1e5-7b46568833c4,,2026-01-06,28,18,{}
b_amc,c485b488-0968-4983-a1e5-7b46568833c4,,2026-01-07,33,21,{}
b_amc,c485b488-0968-4983-a1e5-7b46568833c4,,2026-01-08,37,17,{}
b_amc,c485b488-0968-4983-a1e5-7b46568833c4,,2026-01-09,24,15,{}
b_amc,c485b488-0968-4983-a1e5-7b46568833c4,,2026-01-10,95,21,{}
b_amc,c485b488-0968-4983-a1e5-7b46568833c4,,2026-01-11,54,26,{}
b_amc,c485b488-0968-4983-a1e5-7b46568833c4,,2026-01-12,74,24,{}
b_amc,c485b488-0968-4983-a1e5-7b46568833c4,,2026-01-13,32,24,{}
b_amc,c485b488-0968-4983-a1e5-7b46568833c4,,2026-01-14,27,16,{}
b_amc,c485b488-0968-4983-a1e5-7b46568833c4,,2026-01-15,68,28,{}
b_amc,c485b488-0968-4983-a1e5-7b46568833c4,,2026-01-16,33,15,{}
b_amc,c485b488-0968-4983-a1e5-7b46568833c4,,2026-01-17,41,26,{}
b_amc,c485b488-0968-4983-a1e5-7b46568833c4,,2026-01-18,37,21,{}
b_amc,c485b488-0968-4983-a1e5-7b46568833c4,,2026-01-19,88,21,{}
b_amc,c485b488-0968-4983-a1e5-7b46568833c4,,2026-01-20,38,16,{}
b_amc,c485b488-0968-4983-a1e5-7b46568833c4,,2026-01-21,34,26,{}
b_amc,c485b488-0968-4983-a1e5-7b46568833c4,,2026-01-22,29,16,{}
b_amc,c485b488-0968-4983-a1e5-7b46568833c4,,2026-01-23,26,17,{}
b_amc,c485b488-0968-4983-a1e5-7b46568833c4,,2026-01-24,19,15,{}
b_amc,c485b488-0968-4983-a1e5-7b46568833c4,,2026-01-25,32,19,{}
b_amc,c485b488-0968-4983-a1e5-7b46568833c4,,2026-01-26,44,22,{}
b_amc,c485b488-0968-4983-a1e5-7b46568833c4,,2026-01-27,51,30,{}
b_amc,c485b488-0968-4983-a1e5-7b46568833c4,,2026-01-28,29,18,{}
b_amc,c485b488-0968-4983-a1e5-7b46568833c4,,2026-01-29,27,21,{}
b_amc,c485b488-0968-4983-a1e5-7b46568833c4,,2026-01-30,66,36,{}
b_amc,c485b488-0968-4983-a1e5-7b46568833c4,,2026-01-31,70,34,{}
b_amc,c485b488-0968-4983-a1e5-7b46568833c4,,2026-02-01,46,27,{}
b_amc,c485b488-0968-4983-a1e5-7b46568833c4,,2026-02-02,31,25,{}
b_amc,c485b488-0968-4983-a1e5-7b46568833c4,,2026-02-03,61,26,{}
b_amc,c485b488-0968-4983-a1e5-7b46568833c4,,2026-02-04,32,18,{}
b_amc,c485b488-0968-4983-a1e5-7b46568833c4,,2026-02-05,20,17,{}
b_amc,c485b488-0968-4983-a1e5-7b46568833c4,,2026-02-06,30,20,{}
b_amc,c485b488-0968-4983-a1e5-7b46568833c4,,2026-02-07,74,26,{}
b_amc,c485b488-0968-4983-a1e5-7b46568833c4,,2026-02-08,24,18,{}
b_amc,c485b488-0968-4983-a1e5-7b46568833c4,,2026-02-09,38,23,{}
b_amc,c485b488-0968-4983-a1e5-7b46568833c4,,2026-02-10,30,15,{}
b_amc,c485b488-0968-4983-a1e5-7b46568833c4,,2026-02-11,33,19,{}
b_amc,c485b488-0968-4983-a1e5-7b46568833c4,,2026-02-12,32,20,{}
b_amc,c485b488-0968-4983-a1e5-7b46568833c4,,2026-02-13,36,19,{}
b_amc,c485b488-0968-4983-a1e5-7b46568833c4,,2026-02-14,48,22,{}
b_amc,c485b488-0968-4983-a1e5-7b46568833c4,,2026-02-15,29,23,{}
b_amc,c485b488-0968-4983-a1e5-7b46568833c4,,2026-02-16,64,32,{}
b_amc,c485b488-0968-4983-a1e5-7b46568833c4,,2026-02-17,20,15,{}
b_amc,c485b488-0968-4983-a1e5-7b46568833c4,,2026-02-18,36,21,{}
b_amc,c485b488-0968-4983-a1e5-7b46568833c4,,2026-02-19,48,25,{}
b_amc,c485b488-0968-4983-a1e5-7b46568833c4,,2026-02-20,26,16,{}
b_amc,c485b488-0968-4983-a1e5-7b46568833c4,,2026-02-21,32,21,{}
b_amc,c485b488-0968-4983-a1e5-7b46568833c4,,2026-02-22,48,19,{}
b_amc,c485b488-0968-4983-a1e5-7b46568833c4,,2026-02-23,49,26,{}
b_amc,c485b488-0968-4983-a1e5-7b46568833c4,,2026-02-24,43,19,{}
b_amc,c485b488-0968-4983-a1e5-7b46568833c4,,2026-02-25,17,11,{}
b_amc,c485b488-0968-4983-a1e5-7b46568833c4,,2026-02-26,47,22,{}
b_amc,c485b488-0968-4983-a1e5-7b46568833c4,,2026-02-27,26,14,{}
b_amc,c485b488-0968-4983-a1e5-7b46568833c4,,2026-02-28,29,16,{}
b_amc,c485b488-0968-4983-a1e5-7b46568833c4,,2026-03-01,24,18,{}
b_amc,c485b488-0968-4983-a1e5-7b46568833c4,,2026-03-02,26,19,{}
b_amc,c485b488-0968-4983-a1e5-7b46568833c4,,2026-03-03,22,13,{}
b_amc,c485b488-0968-4983-a1e5-7b46568833c4,,2026-03-04,48,21,{}
b_amc,c485b488-0968-4983-a1e5-7b46568833c4,,2026-03-05,36,16,{}
b_amc,c485b488-0968-4983-a1e5-7b46568833c4,,2026-03-06,13,10,{}
b_amc,c485b488-0968-4983-a1e5-7b46568833c4,,2026-03-07,20,13,{}
b_amc,c485b488-0968-4983-a1e5-7b46568833c4,,2026-03-08,29,17,{}
b_amc,c485b488-0968-4983-a1e5-7b46568833c4,,2026-03-09,29,17,{}
b_amc,c485b488-0968-4983-a1e5-7b46568833c4,,2026-03-10,44,23,{}
b_amc,c485b488-0968-4983-a1e5-7b46568833c4,,2026-03-11,42,22,{}
b_amc,c485b488-0968-4983-a1e5-7b46568833c4,,2026-03-12,24,17,{}
b_amc,c485b488-0968-4983-a1e5-7b46568833c4,,2026-03-13,40,23,{}
b_amc,c485b488-0968-4983-a1e5-7b46568833c4,,2026-03-14,31,18,{}
b_amc,c485b488-0968-4983-a1e5-7b46568833c4,,2026-03-15,44,23,{}
b_amc,c485b488-0968-4983-a1e5-7b46568833c4,,2026-03-16,52,26,{}
b_amc,c485b488-0968-4983-a1e5-7b46568833c4,,2026-03-17,51,29,{}
b_amc,c485b488-0968-4983-a1e5-7b46568833c4,,2026-03-18,34,21,{}
b_amc,c485b488-0968-4983-a1e5-7b46568833c4,,2026-03-19,42,24,{}
b_amc,c485b488-0968-4983-a1e5-7b46568833c4,,2026-03-20,30,22,{}
b_amc,c485b488-0968-4983-a1e5-7b46568833c4,,2026-03-21,28,14,{}
b_amc,c485b488-0968-4983-a1e5-7b46568833c4,,2026-03-22,65,29,{}
b_amc,c485b488-0968-4983-a1e5-7b46568833c4,,2026-03-23,37,20,{}
b_amc,c485b488-0968-4983-a1e5-7b46568833c4,,2026-03-24,15,8,{}
b_amc,c485b488-0968-4983-a1e5-7b46568833c4,,2026-03-25,31,11,{}
b_amc,c485b488-0968-4983-a1e5-7b46568833c4,,2026-03-26,71,21,{}
b_amc,c485b488-0968-4983-a1e5-7b46568833c4,,2026-03-27,32,16,{}
b_amc,c485b488-0968-4983-a1e5-7b46568833c4,,2026-03-28,35,18,{}
b_amc,c485b488-0968-4983-a1e5-7b46568833c4,,2026-03-29,47,20,{}
b_amc,c485b488-0968-4983-a1e5-7b46568833c4,,2026-03-30,20,12,{}
b_amc,c485b488-0968-4983-a1e5-7b46568833c4,,2026-03-31,30,17,{}
